{
  "version": 2,
  "half_life_observations": 20,
  "cache_pressure_factor": 1.0,
  "records": [
    {
      "shape_id": "bom_extract",
      "runtime_name": "reference_sim",
      "model_name": "meta-llama/Llama-3.1-8B-Instruct",
      "observations": 7,
      "ewma_prefill_tokens_avoided": 1115.9055097811013,
      "ewma_queue_ms_saved": 0.0,
      "ewma_kv_bytes": 5954.338568467708,
      "ewma_overhead_ms": 0.0,
      "preserve_count": 5,
      "reuse_count": 7,
      "waste_count": 0,
      "total_residency_waves": 10,
      "net_value_history": [
        -17.865000000000002,
        -17.864284662907423,
        -17.86430902991485,
        -17.86433256689255,
        -17.863639965021807,
        -17.863686292805955
      ]
    },
    {
      "shape_id": "bom_extract",
      "runtime_name": "reference_sim",
      "model_name": "sim-model",
      "observations": 70,
      "ewma_prefill_tokens_avoided": 1105.3234856789884,
      "ewma_queue_ms_saved": 0.0,
      "ewma_kv_bytes": 5952.160570865596,
      "ewma_overhead_ms": 0.0,
      "preserve_count": 46,
      "reuse_count": 68,
      "waste_count": 0,
      "total_residency_waves": 84,
      "net_value_history": [
        -17.85687923916802,
        -17.856440525001297,
        -17.85673209214223,
        -17.856298390343397,
        -17.856594799112564,
        -17.856165774018333,
        -17.856466700186377,
        -17.856042038611832,
        -17.856347179662066,
        -17.85592658939535,
        -17.85623566306971,
        -17.8565342085601,
        -17.85610724740252,
        -17.8562057851755,
        -17.856300966390197,
        -17.856392905383302
      ]
    },
    {
      "shape_id": "clinical_qa",
      "runtime_name": "reference_sim",
      "model_name": "meta-llama/Llama-3.1-8B-Instruct",
      "observations": 3,
      "ewma_prefill_tokens_avoided": 1101.967096662612,
      "ewma_queue_ms_saved": 0.0,
      "ewma_kv_bytes": 5880.868386650448,
      "ewma_overhead_ms": 0.0,
      "preserve_count": 3,
      "reuse_count": 3,
      "waste_count": 0,
      "total_residency_waves": 3,
      "net_value_history": [
        -17.643,
        -17.642591235947098
      ]
    },
    {
      "shape_id": "clinical_qa",
      "runtime_name": "reference_sim",
      "model_name": "sim-model",
      "observations": 118,
      "ewma_prefill_tokens_avoided": 1098.6204124989276,
      "ewma_queue_ms_saved": 0.0,
      "ewma_kv_bytes": 5879.921631342967,
      "ewma_overhead_ms": 0.0,
      "preserve_count": 109,
      "reuse_count": 115,
      "waste_count": 0,
      "total_residency_waves": 236,
      "net_value_history": [
        -17.639843790337515,
        -17.639542538372403,
        -17.639660312208044,
        -17.63977407423448,
        -17.63947519705577,
        -17.639595264783868,
        -17.639711242564367,
        -17.639414505662998,
        -17.63953664076274,
        -17.639756806505837,
        -17.63956070854258,
        -17.63937129039584,
        -17.63959708857945,
        -17.639406431195102,
        -17.639631032354085,
        -17.639439218720163
      ]
    },
    {
      "shape_id": "contract_review",
      "runtime_name": "reference_sim",
      "model_name": "meta-llama/Llama-3.1-8B-Instruct",
      "observations": 30,
      "ewma_prefill_tokens_avoided": 1131.5943847336907,
      "ewma_queue_ms_saved": 0.0,
      "ewma_kv_bytes": 6040.1473822960415,
      "ewma_overhead_ms": 0.0,
      "preserve_count": 28,
      "reuse_count": 30,
      "waste_count": 0,
      "total_residency_waves": 182,
      "net_value_history": [
        -18.11870577215133,
        -18.119158622355968,
        -18.11908509175406,
        -18.11911625688761,
        -18.119248551435533,
        -18.119274148532263,
        -18.11909449167146,
        -18.11892095458287,
        -18.119366474883932,
        -18.119183673048656,
        -18.119007098114967,
        -18.119143111011415,
        -18.11958106384897,
        -18.119493143338993,
        -18.119612599750802,
        -18.120034560078366
      ]
    },
    {
      "shape_id": "contract_review",
      "runtime_name": "reference_sim",
      "model_name": "sim-model",
      "observations": 446,
      "ewma_prefill_tokens_avoided": 1132.374989752625,
      "ewma_queue_ms_saved": 0.0,
      "ewma_kv_bytes": 6042.12721400646,
      "ewma_overhead_ms": 0.0,
      "preserve_count": 411,
      "reuse_count": 431,
      "waste_count": 0,
      "total_residency_waves": 2453,
      "net_value_history": [
        -18.122217870590333,
        -18.122551085828956,
        -18.122872950533296,
        -18.12318385134422,
        -18.12348416173218,
        -18.12377424244586,
        -18.124054441945532,
        -18.124325096821607,
        -18.12458653219901,
        -18.124839062127712,
        -18.125082989959985,
        -18.125318608714814,
        -18.125546201429877,
        -18.125766041501556,
        -18.125978393013344,
        -18.126183511053082
      ]
    },
    {
      "shape_id": "open_reason",
      "runtime_name": "reference_sim",
      "model_name": "meta-llama/Llama-3.1-8B-Instruct",
      "observations": 7,
      "ewma_prefill_tokens_avoided": 32.78704595019735,
      "ewma_queue_ms_saved": 0.0,
      "ewma_kv_bytes": 176.11953978189194,
      "ewma_overhead_ms": 0.0,
      "preserve_count": 7,
      "reuse_count": 7,
      "waste_count": 0,
      "total_residency_waves": 21,
      "net_value_history": [
        -3.0,
        -3.0,
        -3.0,
        -3.0,
        -3.0,
        -3.0
      ]
    },
    {
      "shape_id": "open_reason",
      "runtime_name": "reference_sim",
      "model_name": "sim-model",
      "observations": 17,
      "ewma_prefill_tokens_avoided": 32.522399460790425,
      "ewma_queue_ms_saved": 0.0,
      "ewma_kv_bytes": 175.01062469048844,
      "ewma_overhead_ms": 0.0,
      "preserve_count": 17,
      "reuse_count": 17,
      "waste_count": 0,
      "total_residency_waves": 45,
      "net_value_history": [
        -3.0,
        -3.0,
        -3.0,
        -3.0,
        -3.0,
        -3.0,
        -3.0,
        -3.0,
        -3.0,
        -3.0,
        -3.0,
        -3.0,
        -3.0,
        -3.0,
        -3.0,
        -3.0
      ]
    },
    {
      "shape_id": "quick_math",
      "runtime_name": "reference_sim",
      "model_name": "meta-llama/Llama-3.1-8B-Instruct",
      "observations": 5,
      "ewma_prefill_tokens_avoided": 13.7718787299828,
      "ewma_queue_ms_saved": 0.0,
      "ewma_kv_bytes": 74.92752099206432,
      "ewma_overhead_ms": 0.0,
      "preserve_count": 5,
      "reuse_count": 5,
      "waste_count": 0,
      "total_residency_waves": 10,
      "net_value_history": [
        -3.0,
        -3.0,
        -3.0,
        -3.0
      ]
    },
    {
      "shape_id": "quick_math",
      "runtime_name": "reference_sim",
      "model_name": "sim-model",
      "observations": 12,
      "ewma_prefill_tokens_avoided": 13.60817500815517,
      "ewma_queue_ms_saved": 0.0,
      "ewma_kv_bytes": 74.15789172791092,
      "ewma_overhead_ms": 0.0,
      "preserve_count": 12,
      "reuse_count": 12,
      "waste_count": 0,
      "total_residency_waves": 21,
      "net_value_history": [
        -3.0,
        -3.0,
        -3.0,
        -3.0,
        -3.0,
        -3.0,
        -3.0,
        -3.0,
        -3.0,
        -3.0,
        -3.0
      ]
    },
    {
      "shape_id": "rare_freeform",
      "runtime_name": "reference_sim",
      "model_name": "sim-model",
      "observations": 36,
      "ewma_prefill_tokens_avoided": 968.0,
      "ewma_queue_ms_saved": 0.0,
      "ewma_kv_bytes": 5167.0,
      "ewma_overhead_ms": 0.0,
      "preserve_count": 36,
      "reuse_count": 36,
      "waste_count": 0,
      "total_residency_waves": 54,